dir,name,fm_outcome,rs_outcome,fm_ns,rs_ns,speedup
array,test_assign1,pass,pass,87510.6,1881.9,46.501195600191295
array,test_assign10,pass,pass,40577.4,1515.9,26.76786067682565
array,test_assign11,pass,pass,40234.4,2032.1,19.79941931991536
array,test_assign12,pass,pass,113186.8,5023.3,22.532359206099574
array,test_assign13,pass,pass,27062.2,1014.3,26.680666469486347
array,test_assign14,pass,pass,187931.0,5731.5,32.789147692576115
array,test_assign15,pass,pass,46521.6,2405.3,19.341287989024234
array,test_assign16,pass,pass,481818.2,16643.0,28.950201285825873
array,test_assign17,pass,pass,29235.0,891.0,32.81144781144781
array,test_assign18,pass,pass,25721.2,656.4,39.18525289457648
array,test_assign19,pass,pass,34891.2,1787.1,19.523921436964915
array,test_assign2,pass,pass,43960.7,1435.6,30.621830593480077
array,test_assign20,pass,pass,147887.3,8919.8,16.579665463351198
array,test_assign21,pass,pass,118181.8,5663.4,20.867641346187803
array,test_assign22,pass,pass,38352.3,1258.5,30.474612634088203
array,test_assign3,pass,pass,43776.8,1626.6,26.913070207795403
array,test_assign4,pass,pass,90059.5,1964.7,45.83880490660152
array,test_assign5,pass,pass,80218.1,1620.8,49.492904738400796
array,test_assign6,pass,pass,45064.4,1550.5,29.064430828764916
array,test_assign7,pass,pass,25335.3,486.5,52.07667009249743
array,test_assign8,pass,pass,25292.7,477.5,52.9690052356021
array,test_assign9,pass,pass,38352.3,1294.9,29.617962777048422
array,test_cell1,pass,pass,45493.6,1709.4,26.61378261378261
array,test_det1,pass,pass,452173.9,2073.0,218.12537385431742
array,test_diag1,pass,pass,102897.1,4359.6,23.602417652995687
array,test_diag2,pass,pass,103896.1,4359.7,23.83102048306076
array,test_diag3,pass,pass,90059.5,3367.3,26.745315237727556
array,test_diag4,pass,pass,99065.4,4273.3,23.18241171928018
array,test_diag5,pass,pass,34891.2,756.5,46.12187706543291
array,test_isfloat1,pass,pass,232558.1,637.9,364.5682708888541
array,test_isinteger1,pass,pass,276041.7,771.4,357.84508685506876
array,test_num2str1,pass,pass,83593.7,2271.5,36.801100594320935
array,test_ones1,pass,pass,34251.0,1366.3,25.06843299421796
array,test_permute1,pass,pass,234883.7,12618.9,18.613643027522212
array,test_permute2,pass,pass,550000.0,67384.8,8.16207809476321
array,test_repmat1,pass,pass,85156.2,3295.4,25.840929780906716
array,test_repmat2,pass,pass,85937.5,3524.3,24.384274891467808
array,test_repmat3,pass,pass,92013.9,4693.8,19.603285184711744
array,test_reshape1,pass,pass,52791.9,3454.5,15.282066869300913
array,test_reshape2,pass,pass,60233.9,2829.8,21.28556788465616
array,test_resize1,pass,pass,331250.0,84021.4,3.9424479953916505
array,test_resize2,pass,pass,392592.6,120240.7,3.2650558421566074
array,test_resize3,pass,pass,252500.0,30056.2,8.400928926477732
array,test_resize4,pass,pass,2295454.5,328635.9,6.9847953312465245
array,test_resize5,pass,pass,2080000.0,325527.2,6.38963502896225
array,test_resize6,pass,pass,265789.5,11975.1,22.19517999849688
array,test_resize7,pass,pass,4857142.9,2482138.2,1.9568382211755977
array,test_resize8,pass,pass,84891.0,4250.9,19.970123973746738
array,test_sort,pass,pass,23887.6,446.5,53.499664053751395
array,test_sparse116,pass,pass,168750.0,11804.1,14.29588024499962
array,test_sparse20,pass,pass,160937.5,10597.8,15.185934816660062
array,test_sparse21,pass,pass,198113.2,16007.3,12.376428254608836
array,test_sparse56,pass,pass,11222222.2,5184725.7,2.164477515175007
array,test_sparse63,pass,pass,140000000.0,71658014.5,1.9537242411314648
array,test_sparse64,pass,pass,234000000.0,83515984.5,2.801858846554099
array,test_sparse65,pass,pass,169000000.0,105764499.0,1.5978896661723894
array,test_sparse66,pass,pass,223000000.0,135961728.0,1.6401674447679864
array,test_sparse67,pass,pass,133000000.0,69625049.0,1.9102320488133517
array,test_sparse68,pass,pass,195000000.0,88937296.0,2.192555977865574
array,test_sparse69,pass,pass,2431818.2,7765234.3,0.31316739534826404
array,test_sparse70,pass,pass,218000000.0,124990425.0,1.7441336006338086
array,test_sparse71,pass,pass,168000000.0,122099527.0,1.375926706087895
array,test_sparse72,pass,pass,188000000.0,122094217.0,1.5397944687257383
array,test_sparse73,pass,pass,219000000.0,137516361.0,1.5925377781048176
array,test_sparse74,pass,pass,130000000.0,67795072.5,1.9175434910848426
array,test_sparse81,pass,pass,226215.6,14706.3,15.382223944839968
array,test_sparse83,pass,pass,234883.7,15198.1,15.454806850856357
array,test_zeros1,pass,pass,60233.9,2507.3,24.023411638016988
binary,test_bitand1,pass,pass,75284.1,1985.0,37.92649874055416
binary,test_bitor1,pass,pass,76704.5,2032.0,37.74827755905512
binary,test_bitxor1,pass,pass,75284.1,2021.4,37.24354407836153
constants,test_eps1,pass,pass,99065.4,2581.1,38.381077835031576
elementary,test_getfield1,pass,pass,153409.1,1940.0,79.0768556701031
elementary,test_getfield2,pass,pass,260000.0,3432.4,75.74874723225732
elementary,test_test1,pass,pass,69661.5,880.2,79.1428084526244
elementary,test_test2,pass,pass,69661.5,860.4,80.96408647140865
elementary,test_test3,pass,pass,78906.2,1620.4,48.69550728215255
elementary,test_test4,pass,pass,78906.2,1626.7,48.506915841888485
elementary,test_test5,pass,pass,2038461.5,883.1,2308.3020043030233
flow,test_continue1,pass,pass,20898.4,223.7,93.42154671434959
flow,test_error1,pass,pass,42918.5,711.5,60.321152494729446
flow,test_for1,pass,pass,96261.7,3564.1,27.008697847984063
flow,test_for2,pass,pass,123863.6,6185.5,20.024832269016247
flow,test_for3,pass,pass,97985.3,3402.1,28.80141677199377
flow,test_for4,pass,pass,106893.1,4078.5,26.20892484982224
flow,test_if1,pass,pass,22993.4,481.3,47.77353002285477
flow,test_if2,pass,pass,22780.5,500.6,45.50639232920495
flow,test_if3,pass,pass,24134.8,606.3,39.8066963549398
flow,test_if4,pass,pass,28385.4,789.9,35.93543486517281
flow,test_lasterr1,pass,pass,45667.9,1262.8,36.16400063351283
flow,test_switch1,pass,pass,25058.5,1012.8,24.741804897314378
flow,test_switch2,pass,pass,25058.5,970.2,25.828179756751183
flow,test_switch3,pass,pass,35211.3,972.8,36.195826480263165
flow,test_switch4,pass,pass,33930.9,1172.4,28.941402251791196
flow,test_switch5,pass,pass,28415.3,741.0,38.3472334682861
flow,test_switch6,pass,pass,31875.0,1430.8,22.277746715124408
flow,test_switch7,pass,pass,30681.8,1173.7,26.141092272301268
flow,test_switch8,pass,pass,23887.6,560.9,42.58798359778927
flow,test_while1,pass,pass,103738.3,4568.5,22.70729998905549
flow,test_while2,pass,pass,131250.0,7298.0,17.984379281995068
flow,test_while3,pass,pass,100000.0,3376.5,29.61646675551607
freemat,test_assignin1,pass,pass,35915.5,888.5,40.42262239729882
freemat,test_assignin2,pass,pass,49377.0,1244.0,39.692122186495176
freemat,test_builtin1,pass,pass,28961.7,832.0,34.809735576923075
freemat,test_eval1,pass,pass,61931.8,1416.5,43.721708436286626
freemat,test_eval2,pass,pass,228260.9,28751.7,7.939040126322965
freemat,test_eval3,pass,pass,2040000.0,2010.2,1014.8243955825291
freemat,test_evalin1,pass,pass,100899.1,3406.6,29.61871073797922
freemat,test_evalin2,pass,pass,133750.0,3293.4,40.61152608246797
freemat,test_feval1,pass,pass,28385.4,956.4,29.679422835633627
freemat,test_jit,pass,pass,102897.1,12468.1,8.252829220169874
freemat,test_source,pass,pass,252500.0,9750.7,25.89557672782467
functions,test_call1,pass,pass,190566.0,3983.1,47.84363937636515
functions,test_call2,pass,pass,192452.8,4748.7,40.52747067618506
functions,test_call3,pass,pass,77414.8,1454.4,53.22799779977998
functions,test_call4,pass,pass,82031.2,1819.5,45.08447375652651
functions,test_fcall1,pass,pass,95327.1,2307.3,41.31543362371603
functions,test_fcall2,pass,pass,82812.5,1807.4,45.81857917450481
functions,test_fptr1,error,pass,0.0,1080.5,
functions,test_nargin1,pass,pass,57416.3,1201.7,47.779229424981274
functions,test_nargin2,pass,pass,57947.9,1226.2,47.258114500081554
handle,test_contour1,error,pass,0.0,1202.8,
handle,test_image1,error,pass,0.0,1179.8,
handle,test_plot1,error,pass,0.0,1311.1,
inspection,test_clear1,pass,pass,2080000.0,959.9,2166.8923846233984
inspection,test_clear2,pass,pass,2040000.0,1160.8,1757.408683666437
inspection,test_empty,pass,pass,123863.6,9508.7,13.026344295224373
inspection,test_exist1,pass,pass,40577.4,1659.7,24.44863529553534
inspection,test_exist2,pass,pass,28142.1,551.2,51.0560595065312
inspection,test_fieldnames1,pass,pass,49377.0,2053.5,24.045288531775018
inspection,test_iscellstr1,pass,pass,217759.0,805.0,270.5080745341615
inspection,test_iscellstr2,pass,pass,219565.2,735.0,298.72816326530614
inspection,test_isfield1,pass,pass,748251.7,1680.1,445.3614070591036
inspection,test_isset1,pass,pass,57947.9,907.7,63.840365759612204
inspection,test_size1,pass,pass,183533.4,4119.7,44.550185693132995
inspection,test_size2,pass,pass,192949.9,4116.8,46.868903031480755
inspection,test_size3,pass,pass,88757.4,2411.0,36.81352136043135
inspection,test_size4,pass,pass,40577.4,1943.3,20.88066690680801
inspection,test_typeof1,pass,pass,81250.0,1585.8,51.235969226888635
inspection,test_typeof2,pass,pass,82031.2,1553.9,52.790527060943425
inspection,test_typeof3,pass,pass,81250.0,1559.4,52.10337309221495
inspection,test_typeof4,pass,pass,85811.4,1662.4,51.61898460057747
inspection,test_typeof5,pass,pass,84375.0,1645.3,51.2824408922385
inspection,test_typeof6,pass,pass,80468.7,1551.6,51.861755607115235
io,test_dlmread1,pass,pass,188679.2,54269.9,3.4766822861291433
io,test_file1,error,fail,0.0,33842.6,
io,test_imwrite_imread,error,pass,0.0,298852.1,
io,test_load1,pass,pass,148611.1,40022.5,3.713188831282404
io,test_save1,pass,pass,198515.8,71989.5,2.7575660339355044
io,test_sscanf1,pass,pass,88541.7,1979.4,44.73158532888754
operators,test_power1,pass,pass,167711.6,23797.3,7.04750538926685
operators,test_range1,pass,pass,85669.8,2523.3,33.95149209368684
operators,test_range2,pass,pass,89409.7,2763.0,32.359645313065506
operators,test_range3,pass,pass,86718.7,2578.7,33.628843991158334
operators,test_range4,pass,pass,84375.0,2434.7,34.65519365835627
operators,test_range5,pass,pass,88541.7,2639.4,33.54614685155717
operators,test_range6,pass,pass,92608.3,2945.8,31.43740240342182
operators,test_range7,pass,pass,88360.2,2804.3,31.508825731911703
operators,test_range8,pass,pass,90909.1,3015.9,30.1432739812328
operators,test_range9,pass,pass,26080.5,530.5,49.162111215834116
operators,test_sparse100,pass,pass,867768.6,67901.7,12.779777236799667
operators,test_sparse101,pass,pass,866666.7,67455.0,12.848072048032021
operators,test_sparse102,pass,pass,1634920.6,96049.8,17.02159296531591
operators,test_sparse103,pass,pass,1557142.9,95767.0,16.259702193866364
operators,test_sparse104,pass,pass,1575757.6,93295.1,16.89003602547186
operators,test_sparse105,pass,pass,1619047.6,93929.3,17.23687496872648
operators,test_sparse106,pass,pass,1634920.6,93959.1,17.40034334087917
operators,test_sparse107,pass,pass,1575757.6,93845.5,16.79097665844393
operators,test_sparse108,pass,pass,1634920.6,93047.2,17.570873707107793
operators,test_sparse109,pass,pass,1700000.0,93957.5,18.09328685842003
operators,test_sparse110,pass,pass,1666666.7,93736.8,17.78028159698219
operators,test_sparse111,pass,pass,1650793.7,93646.8,17.62787089361302
operators,test_sparse112,pass,pass,1619047.6,97792.6,16.55593163490898
operators,test_sparse113,pass,pass,1716666.7,95858.5,17.9083409400314
operators,test_sparse114,pass,pass,765151.5,71683.9,10.673965841702252
operators,test_sparse115,pass,pass,762237.8,72037.0,10.581198550744757
operators,test_sparse117,pass,pass,874000000.0,109255406.0,7.999604156887211
operators,test_sparse37,pass,pass,208163.3,16298.5,12.77192993220235
operators,test_sparse38,pass,pass,315625.0,29011.1,10.879456483897544
operators,test_sparse39,pass,pass,206122.4,16452.6,12.52825693203506
operators,test_sparse40,pass,pass,318750.0,29277.7,10.887125696349099
operators,test_sparse41,pass,pass,204081.6,16060.0,12.707447073474471
operators,test_sparse42,pass,pass,315625.0,28971.9,10.894176771285279
operators,test_sparse43,pass,pass,169279.0,11949.1,14.166673640692604
operators,test_sparse44,pass,pass,230444.0,18698.7,12.324065309353056
operators,test_sparse50,pass,pass,145000000.0,7580473.2,19.128093481024376
operators,test_sparse51,pass,pass,634000000.0,14504560.9,43.71038905424569
operators,test_sparse52,pass,pass,162000000.0,6960669.9,23.273621982849665
operators,test_sparse53,pass,pass,574000000.0,14022797.6,40.93334414239852
operators,test_sparse54,pass,pass,102000000.0,7236534.6,14.095144380294956
operators,test_sparse55,pass,pass,2711000000.0,10041902.8,269.9687553239412
operators,test_sparse59,pass,pass,13302000000.0,249177619.0,53.38360665529917
operators,test_sparse60,pass,pass,9434000000.0,274167577.0,34.409612191305904
operators,test_sparse61,pass,pass,14593000000.0,277754655.0,52.539173465877646
operators,test_sparse76,pass,pass,224000000.0,113510281.0,1.9733895293590191
operators,test_sparse77,pass,pass,211000000.0,110359548.0,1.9119324410426182
operators,test_sparse78,pass,pass,493000000.0,217277139.0,2.2689915849821642
operators,test_sparse79,pass,pass,473000000.0,212535256.0,2.225513116750851
operators,test_sparse80,pass,pass,19031000000.0,334465227.0,56.89978647615885
operators,test_sparse82,error,pass,0.0,9652499.1,
operators,test_sparse84,pass,pass,900826.4,67014.0,13.4423612976393
operators,test_sparse85,pass,pass,918181.8,67891.4,13.524272588280697
operators,test_sparse86,pass,pass,900826.4,68218.6,13.204996877684385
operators,test_sparse87,pass,pass,918181.8,68247.6,13.453686283473704
operators,test_sparse88,pass,pass,918181.8,68249.2,13.453370882003014
operators,test_sparse89,pass,pass,884297.5,68517.4,12.90617419808691
operators,test_sparse90,pass,pass,900826.4,69479.8,12.965299266837267
operators,test_sparse91,pass,pass,909090.9,69405.7,13.09821671707079
operators,test_sparse92,pass,pass,927272.7,68623.1,13.512544609613961
operators,test_sparse93,pass,pass,945454.5,68542.4,13.793717465393685
operators,test_sparse94,pass,pass,901785.7,69363.9,13.000792919659938
operators,test_sparse95,pass,pass,892562.0,69051.4,12.926052187211267
operators,test_sparse96,pass,pass,876033.1,68403.5,12.806846140913843
operators,test_sparse97,pass,pass,866666.7,67858.8,12.771618419423861
operators,test_sparse98,pass,pass,936363.6,67507.9,13.870429979306126
operators,test_sparse99,pass,pass,892562.0,67549.0,13.213548683178137
random,test_seed1,pass,pass,54758.1,1726.6,31.71440982277308
signal,test_conv2_1,pass,pass,165625.0,14451.3,11.460906631237329
sparse,test_sparse1,pass,pass,892562.0,59711.1,14.948007991813919
sparse,test_sparse10,pass,pass,204081.6,18667.3,10.932571930595213
sparse,test_sparse11,pass,pass,200371.1,18161.6,11.032678838868824
sparse,test_sparse12,pass,pass,196226.4,17145.7,11.444642096852272
sparse,test_sparse13,pass,pass,263157.9,31366.8,8.389695474195648
sparse,test_sparse14,pass,pass,263157.9,30798.9,8.544392819224063
sparse,test_sparse15,pass,pass,147887.3,7497.4,19.725144716835167
sparse,test_sparse16,pass,pass,150704.2,8000.2,18.837554061148474
sparse,test_sparse17,pass,pass,151988.6,7822.1,19.43066439958579
sparse,test_sparse18,pass,pass,184482.8,12380.7,14.900837593997107
sparse,test_sparse19,pass,pass,183533.4,12430.5,14.76476408833112
sparse,test_sparse2,pass,pass,213438.7,13656.6,15.628977930085087
sparse,test_sparse22,pass,pass,193000000.0,29008688.5,6.6531790983932275
sparse,test_sparse23,pass,pass,197000000.0,57139112.5,3.4477259337900987
sparse,test_sparse24,pass,pass,253588.5,37837.4,6.702059338115198
sparse,test_sparse25,pass,pass,247000000.0,145852666.0,1.6934897850958721
sparse,test_sparse26,pass,pass,239000000.0,155644447.0,1.5355510884368397
sparse,test_sparse27,pass,pass,163009.4,12170.6,13.393702857706275
sparse,test_sparse28,pass,pass,182758.6,13299.3,13.741971381952435
sparse,test_sparse29,pass,pass,189239.3,12916.6,14.650860133471655
sparse,test_sparse3,pass,pass,223913.0,14572.3,15.365659504676682
sparse,test_sparse30,pass,pass,221739.1,18991.8,11.675517855074297
sparse,test_sparse31,pass,pass,188679.2,14836.5,12.717231152899943
sparse,test_sparse32,pass,pass,200000.0,14516.9,13.777046063553513
sparse,test_sparse33,pass,pass,258373.2,21395.4,12.076109817998262
sparse,test_sparse34,pass,pass,177586.2,10880.3,16.32181097947667
sparse,test_sparse35,pass,pass,550505.1,32589.4,16.892152049439385
sparse,test_sparse36,pass,pass,232558.1,18257.5,12.737674928111735
sparse,test_sparse4,pass,pass,219873.2,14338.3,15.334677053765093
sparse,test_sparse45,error,pass,0.0,164483.7,
sparse,test_sparse5,pass,pass,276041.7,19699.1,14.012909219202909
sparse,test_sparse57,pass,pass,201000000.0,144584418.0,1.3901912998674588
sparse,test_sparse6,pass,pass,276041.7,19726.2,13.99365818049092
sparse,test_sparse62,pass,pass,2214000000.0,289388095.0,7.650625710777771
sparse,test_sparse7,pass,pass,169279.0,11077.4,15.281473992092007
sparse,test_sparse8,pass,pass,209486.2,16769.0,12.492468244975848
sparse,test_sparse9,pass,pass,212244.9,16138.1,13.151789863738605
string,test_deblank_1,pass,pass,30397.7,700.5,43.394289793005
string,test_strcmp1,pass,pass,75994.3,1297.2,58.583333333333336
string,test_strcmp2,pass,pass,75994.3,1311.7,57.935732255851185
suite,test_assign1,pass,pass,88360.2,1924.6,45.910942533513456
suite,test_assign10,pass,pass,41357.8,1595.7,25.918280378517267
suite,test_assign11,pass,pass,39797.1,2049.1,19.42174613244839
suite,test_assign12,pass,pass,112500.0,5057.6,22.243751977222395
suite,test_assign13,pass,pass,27570.8,1013.9,27.192819804714468
suite,test_assign14,pass,pass,186964.0,5823.0,32.10784818821913
suite,test_assign15,pass,pass,46948.4,2461.6,19.072310692232694
suite,test_assign16,pass,pass,473913.0,16750.2,28.292975606261418
suite,test_assign17,pass,pass,28415.3,901.8,31.509536482590377
suite,test_assign18,pass,pass,26281.6,659.2,39.86893203883495
suite,test_assign19,pass,pass,35563.4,1781.2,19.9659779923647
suite,test_assign2,pass,pass,44814.3,1450.4,30.89789023717595
suite,test_assign20,pass,pass,149295.8,8979.7,16.62592291501943
suite,test_assign21,pass,pass,122727.3,5788.4,21.20228387810103
suite,test_assign22,pass,pass,39062.5,1287.4,30.342162498058098
suite,test_assign3,pass,pass,44387.5,1589.4,27.92720523467975
suite,test_assign4,pass,pass,91758.7,1983.2,46.26800121016539
suite,test_assign5,pass,pass,82812.5,1691.0,48.97250147841514
suite,test_assign6,pass,pass,44206.0,1569.6,28.163863404689096
suite,test_assign7,pass,pass,25995.3,487.9,53.27997540479607
suite,test_assign8,pass,pass,25761.1,475.1,54.22247947800462
suite,test_assign9,pass,pass,38707.4,1323.6,29.244031429434877
suite,test_assignin1,pass,pass,36931.8,905.3,40.79509554843699
suite,test_assignin2,pass,pass,51222.9,1259.0,40.68538522637014
suite,test_bin2int1,pass,pass,92608.3,4515.7,20.50807183825321
suite,test_bitand1,pass,pass,78125.0,1997.9,39.103558736673506
suite,test_bitor1,pass,pass,78906.2,1976.0,39.93228744939271
suite,test_bitxor1,pass,pass,78125.0,2012.1,38.82759306197505
suite,test_builtin1,pass,pass,29829.5,824.9,36.16135289125955
suite,test_call1,pass,pass,196660.5,3933.1,50.001398388039966
suite,test_call2,pass,pass,196660.5,4524.7,43.46376555351736
suite,test_call3,pass,pass,78906.2,1379.2,57.21157192575406
suite,test_call4,pass,pass,84375.0,1806.4,46.708923826395036
suite,test_cell1,pass,pass,46351.9,1729.4,26.80230137619984
suite,test_clear1,pass,pass,3333333.3,947.4,3518.4012032932233
suite,test_clear2,pass,pass,3366666.7,1154.7,2915.620247683381
suite,test_continue1,pass,pass,20898.4,223.6,93.46332737030413
suite,test_contour1,error,pass,0.0,1158.3,
suite,test_conv2_1,pass,pass,170846.4,14351.6,11.904345160121519
suite,test_ctype1,pass,error,109034.3,0.0,
suite,test_dcomplex1,pass,pass,38707.4,992.2,39.01169119129208
suite,test_deblank_1,pass,pass,30681.8,658.1,46.62179000151952
suite,test_det1,pass,pass,460869.6,2067.8,222.8791952800077
suite,test_diag1,pass,pass,106893.1,4368.4,24.46962274516986
suite,test_diag2,pass,pass,108891.1,4383.0,24.8439653205567
suite,test_diag3,pass,pass,92881.9,3362.3,27.62451298218481
suite,test_diag4,pass,pass,100899.1,4267.1,23.645825033395045
suite,test_diag5,pass,pass,35915.5,796.0,45.119974874371856
suite,test_dlmread1,pass,pass,190566.0,56191.9,3.3913428803795562
suite,test_eig1,pass,pass,2139000000.0,535107678.0,3.9973263100889387
suite,test_eig2,pass,pass,841000000.0,479734222.0,1.7530540066412024
suite,test_eig3,pass,pass,127500.0,11829.3,10.778321625117295
suite,test_eig4,pass,pass,3963000000.0,1511929002.0,2.6211548258930746
suite,test_eig5,pass,pass,1509000000.0,1997894959.0,0.7552949634325595
suite,test_eig6,pass,pass,70422.5,2037.1,34.56997692798586
suite,test_empty,pass,pass,122727.3,9652.2,12.71495617579412
suite,test_eps1,pass,pass,100000.0,2571.9,38.88176056611843
suite,test_error1,pass,pass,42918.5,701.1,61.215946369990014
suite,test_eval1,pass,pass,60818.7,1373.7,44.27364053286743
suite,test_eval2,pass,pass,230434.8,28499.3,8.08563017337268
suite,test_eval3,pass,pass,3366666.7,1952.9,1723.931947360336
suite,test_evalin1,pass,pass,102897.1,3455.0,29.78208393632417
suite,test_evalin2,pass,pass,134443.0,3231.1,41.60904954968896
suite,test_exist1,pass,pass,41796.9,1683.9,24.821485836451096
suite,test_exist2,pass,pass,28688.5,548.0,52.35127737226277
suite,test_fcall1,pass,pass,99065.4,2257.9,43.87501660835289
suite,test_fcall2,pass,pass,85156.2,1804.1,47.20148550523807
suite,test_feval1,pass,pass,29508.2,872.8,33.808661778185154
suite,test_fieldnames1,pass,pass,50300.0,2070.1,24.298343075213758
suite,test_file1,error,fail,0.0,33791.3,
suite,test_fitfun1,pass,pass,3433333.3,4695.1,731.2588230282635
suite,test_fitfun2,pass,pass,63000000.0,7399658.4,8.513906533847562
suite,test_fitfun3,pass,pass,177816.9,8221.1,21.62933184123779
suite,test_for1,pass,pass,98901.1,3510.8,28.170530933120656
suite,test_for2,pass,pass,127500.0,5928.7,21.505557710796634
suite,test_for3,pass,pass,101898.1,3333.6,30.566984641228704
suite,test_for4,pass,pass,109890.1,3822.7,28.746723520025117
suite,test_gausfit1,pass,pass,6166666.7,3250953.9,1.8968791590677432
suite,test_getfield1,pass,pass,162500.0,1922.1,84.5429478174913
suite,test_getfield2,pass,pass,272727.3,3370.3,80.92077856570631
suite,test_global1,pass,pass,204081.6,11416.2,17.876491301834236
suite,test_if1,pass,pass,23654.5,457.0,51.76039387308534
suite,test_if2,pass,pass,23419.2,471.2,49.70118845500849
suite,test_if3,pass,pass,26229.5,606.6,43.24019122980547
suite,test_if4,pass,pass,30054.6,761.0,39.49356110381078
suite,test_image1,error,pass,0.0,1162.6,
suite,test_imwrite_imread,error,pass,0.0,292592.1,
suite,test_int2bin1,pass,pass,102803.7,4200.9,24.4718274655431
suite,test_iscellstr1,pass,pass,230434.8,795.8,289.5637094747424
suite,test_iscellstr2,pass,pass,228260.9,754.1,302.6931441453388
suite,test_isfield1,pass,pass,772727.3,1687.5,457.9124740740741
suite,test_isfloat1,pass,pass,238636.4,628.2,379.8732887615409
suite,test_isinteger1,pass,pass,283854.2,774.0,366.73669250646
suite,test_isset1,pass,pass,57947.9,911.6,63.56724440544098
suite,test_jit,pass,pass,109890.1,12362.9,8.888699253411417
suite,test_lasterr1,pass,pass,46781.1,1187.5,39.39461052631579
suite,test_load1,pass,pass,140277.8,39915.7,3.5143514957773507
suite,test_lu1,pass,pass,841666.7,260453.0,3.231549262246931
suite,test_lu2,pass,pass,1070707.1,273853.1,3.909786305139508
suite,test_matcat1,pass,pass,98130.8,4140.3,23.701374296548558
suite,test_matcat2,pass,pass,175862.1,9315.4,18.878641818923505
suite,test_matcat3,pass,pass,179310.3,10833.7,16.55115980689884
suite,test_matcat4,pass,pass,98130.8,2760.5,35.54819779025539
suite,test_matcat5,pass,pass,97196.3,2810.6,34.58204653810574
suite,test_matcat6,pass,pass,98130.8,2831.9,34.651929799781065
suite,test_matcat7,pass,pass,50761.4,2393.8,21.205363856629624
suite,test_matcat8,pass,pass,54148.0,773.6,69.99482936918304
suite,test_nargin1,pass,pass,57947.9,1195.8,48.4595250041813
suite,test_nargin2,pass,pass,59064.3,1206.7,48.946962791083116
suite,test_num2str1,pass,pass,86661.0,2219.5,39.045280468574006
suite,test_ones1,pass,pass,35563.4,1367.5,26.006142595978062
suite,test_parallel_fft1,pass,error,662000000.0,0.0,
suite,test_permute1,pass,pass,239534.9,12487.0,19.182742051733804
suite,test_permute2,pass,pass,561111.1,67063.0,8.366925130101546
suite,test_persistent1,pass,pass,215415.0,14595.0,14.75950668036999
suite,test_persistent2,pass,pass,30113.6,1063.0,28.32888052681091
suite,test_plot1,error,pass,0.0,1315.4,
suite,test_power1,pass,pass,167187.5,23007.0,7.266810101273525
suite,test_qr1,pass,pass,469565.2,16778.1,27.986792306637824
suite,test_qr10,pass,pass,590000000.0,577471774.0,1.0216949582024073
suite,test_qr11,pass,pass,647000000.0,210800026.0,3.069259583487907
suite,test_qr12,pass,pass,318000000.0,162646471.0,1.9551607732085377
suite,test_qr2,pass,pass,473913.0,17849.1,26.55108660940888
suite,test_qr3,pass,pass,504629.6,20860.0,24.19125599232982
suite,test_qr4,pass,pass,500000.0,20156.3,24.806140015776705
suite,test_qr5,pass,pass,530000.0,18978.1,27.926926299260728
suite,test_qr6,pass,pass,535353.5,19153.3,27.950979726731166
suite,test_qr7,pass,pass,572222.2,22434.4,25.506463288521196
suite,test_qr8,pass,pass,567708.3,21992.7,25.813488111964425
suite,test_qr9,pass,pass,548000000.0,458958261.0,1.1940083588559702
suite,test_range1,pass,pass,85937.5,2429.3,35.375416786728685
suite,test_range2,pass,pass,93457.9,2778.1,33.64094165076851
suite,test_range3,pass,pass,85156.2,2525.8,33.714545886451816
suite,test_range4,pass,pass,85156.2,2456.7,34.66284039565271
suite,test_range5,pass,pass,87510.6,2630.7,33.265138556277805
suite,test_range6,pass,pass,90909.1,2965.0,30.66074198988196
suite,test_range7,pass,pass,90277.8,2807.6,32.15479413021798
suite,test_range8,pass,pass,91758.7,3019.4,30.389713188050603
suite,test_range9,pass,pass,26080.5,527.2,49.4698406676783
suite,test_repmat1,pass,pass,88541.7,3262.1,27.14254621256246
suite,test_repmat2,pass,pass,88360.2,3533.4,25.007131940906774
suite,test_repmat3,pass,pass,94392.5,4665.6,20.231588648834016
suite,test_reshape1,pass,pass,53651.3,3467.3,15.473509647275979
suite,test_reshape2,pass,pass,61363.6,2820.5,21.75628434674703
suite,test_ret,pass,pass,20687.0,201.2,102.81809145129225
suite,test_save1,pass,pass,200371.1,71583.7,2.7991162792646933
suite,test_seed1,pass,pass,54644.8,1732.0,31.55011547344111
suite,test_size1,pass,pass,188679.2,4163.4,45.318537733583135
suite,test_size2,pass,pass,198515.8,4136.2,47.99472946182486
suite,test_size3,pass,pass,91758.7,2369.2,38.72982441330407
suite,test_size4,pass,pass,41748.0,1944.3,21.471995062490357
suite,test_sort,pass,pass,24817.9,440.8,56.30195099818512
suite,test_source,pass,pass,260416.7,9738.8,26.740121986281682
suite,test_sparse1,pass,pass,945454.5,58352.3,16.20252329385474
suite,test_sparse10,pass,pass,212244.9,18434.7,11.513336262591743
suite,test_sparse100,pass,pass,936363.6,66932.4,13.98969109131004
suite,test_sparse101,pass,pass,900826.4,67592.6,13.32729322440622
suite,test_sparse102,pass,pass,1733333.3,95016.0,18.24254125620948
suite,test_sparse103,pass,pass,1700000.0,94777.7,17.93670874055817
suite,test_sparse104,pass,pass,1666666.7,94044.0,17.722201310025095
suite,test_sparse105,pass,pass,1733333.3,93138.9,18.610197243042382
suite,test_sparse106,pass,pass,1575757.6,93996.1,16.764074254144585
suite,test_sparse107,pass,pass,1585714.3,93781.3,16.908640635179935
suite,test_sparse108,pass,pass,1650793.7,93987.7,17.563933365748923
suite,test_sparse109,pass,pass,1636363.6,93943.5,17.418593090527818
suite,test_sparse11,pass,pass,198515.8,17852.6,11.119713655153872
suite,test_sparse110,pass,pass,1683333.3,93826.2,17.94097277732659
suite,test_sparse111,pass,pass,1650793.7,94386.3,17.48975963672694
suite,test_sparse112,pass,pass,1634920.6,96106.5,17.01155072757826
suite,test_sparse113,pass,pass,1766666.7,95314.8,18.535072202847825
suite,test_sparse114,pass,pass,803030.3,72768.2,11.035456421898578
suite,test_sparse115,pass,pass,795454.5,71978.5,11.051279201428205
suite,test_sparse116,pass,pass,177586.2,11673.0,15.213415574402468
suite,test_sparse117,pass,pass,927000000.0,111289453.0,8.329630301983784
suite,test_sparse12,pass,pass,200371.1,17400.9,11.514984857105091
suite,test_sparse13,pass,pass,271052.6,31576.6,8.58397040846703
suite,test_sparse14,pass,pass,271052.6,31016.2,8.739065391634048
suite,test_sparse15,pass,pass,150704.2,7528.0,20.019155154091393
suite,test_sparse16,pass,pass,156250.0,8081.5,19.33428200210357
suite,test_sparse17,pass,pass,154829.5,7737.3,20.010791878303802
suite,test_sparse18,pass,pass,186206.9,12793.2,14.555146484069661
suite,test_sparse19,pass,pass,186964.0,12342.4,15.14810733730879
suite,test_sparse2,pass,pass,215415.0,13753.7,15.662330863694859
suite,test_sparse20,pass,pass,163009.4,10305.4,15.817862479864925
suite,test_sparse21,pass,pass,204081.6,16446.8,12.408590120874578
suite,test_sparse22,pass,pass,189000000.0,14143132.4,13.363376277238272
suite,test_sparse23,pass,pass,192000000.0,42610289.3,4.505953917567042
suite,test_sparse24,pass,pass,255980.9,37880.0,6.7576795142555435
suite,test_sparse25,pass,pass,238000000.0,128185871.0,1.856678884679888
suite,test_sparse26,pass,pass,239000000.0,127901059.0,1.868631908669341
suite,test_sparse27,pass,pass,166144.2,12208.6,13.608783971954196
suite,test_sparse28,pass,pass,183533.4,13526.3,13.568632959493728
suite,test_sparse29,pass,pass,196226.4,13191.4,14.875327865124248
suite,test_sparse3,pass,pass,228329.8,14784.2,15.444176891546379
suite,test_sparse30,pass,pass,221987.3,18806.7,11.803628494100506
suite,test_sparse31,pass,pass,192452.8,14847.7,12.961792062070218
suite,test_sparse32,pass,pass,202226.3,14558.7,13.890409171148521
suite,test_sparse33,pass,pass,262500.0,21388.1,12.273179945857745
suite,test_sparse34,pass,pass,179310.3,10980.2,16.330330959363216
suite,test_sparse35,pass,pass,561111.1,32878.6,17.066149410254695
suite,test_sparse36,pass,pass,232558.1,18243.8,12.747240158300356
suite,test_sparse37,pass,pass,211462.5,16562.6,12.767470083199498
suite,test_sparse38,pass,pass,318750.0,29231.3,10.904407262078662
suite,test_sparse39,pass,pass,209486.2,16438.7,12.743477282266847
suite,test_sparse4,pass,pass,221739.1,14572.4,15.216374790700229
suite,test_sparse40,pass,pass,321875.0,29286.6,10.990521262283776
suite,test_sparse41,pass,pass,208163.3,16693.4,12.469796446499812
suite,test_sparse42,pass,pass,317901.2,29189.2,10.891055595905335
suite,test_sparse43,pass,pass,172413.8,12235.0,14.091851246424191
suite,test_sparse44,pass,pass,232558.1,18742.6,12.407995688965245
suite,test_sparse45,error,pass,0.0,159864.7,
suite,test_sparse5,pass,pass,280555.6,19808.9,14.163108501734067
suite,test_sparse50,pass,pass,146000000.0,7827511.4,18.65216063434925
suite,test_sparse51,pass,pass,609000000.0,14599173.3,41.714690790060004
suite,test_sparse52,pass,pass,149000000.0,6668064.0,22.345316421678017
suite,test_sparse53,pass,pass,560000000.0,12703341.6,44.08288918248093
suite,test_sparse54,pass,pass,102000000.0,6887580.2,14.80926494329605
suite,test_sparse55,pass,pass,2700000000.0,12571829.8,214.76587282465437
suite,test_sparse56,pass,pass,11333333.3,5194941.8,2.181609291561265
suite,test_sparse57,pass,pass,202000000.0,145607468.0,1.3872914815056052
suite,test_sparse58,pass,pass,580000000.0,423296950.0,1.3701965015339703
suite,test_sparse59,pass,pass,13285000000.0,249851407.0,53.17160371244177
suite,test_sparse6,pass,pass,277777.8,21349.8,13.01079167017958
suite,test_sparse60,pass,pass,9486000000.0,245873170.0,38.58086671270395
suite,test_sparse61,pass,pass,14369000000.0,261994349.0,54.84469437926693
suite,test_sparse62,pass,pass,2250000000.0,266407288.0,8.445714893505466
suite,test_sparse63,pass,pass,139000000.0,62266951.0,2.2323238534676286
suite,test_sparse64,pass,pass,233000000.0,73928944.5,3.1516749167168214
suite,test_sparse65,pass,pass,165000000.0,102858503.0,1.6041454540710163
suite,test_sparse66,pass,pass,221000000.0,122965945.0,1.797245570714721
suite,test_sparse67,pass,pass,130000000.0,61058184.0,2.129116712675241
suite,test_sparse68,pass,pass,193000000.0,83748448.0,2.3045203177974116
suite,test_sparse69,pass,pass,2431818.2,7747579.8,0.3138810135263144
suite,test_sparse7,pass,pass,169279.0,11070.7,15.290722357213184
suite,test_sparse70,pass,pass,222000000.0,112720276.0,1.9694770797048085
suite,test_sparse71,pass,pass,172000000.0,111680264.0,1.540110972517042
suite,test_sparse72,pass,pass,192000000.0,112544307.0,1.705994777683424
suite,test_sparse73,pass,pass,224000000.0,126937840.0,1.764643230103805
suite,test_sparse74,pass,pass,133000000.0,63200689.5,2.1044074210614427
suite,test_sparse75,pass,pass,131000000.0,63456327.0,2.0644119537520664
suite,test_sparse76,pass,pass,222000000.0,116485265.0,1.9058204486206904
suite,test_sparse77,pass,pass,210000000.0,113152302.0,1.855905680115991
suite,test_sparse78,pass,pass,477000000.0,207724023.0,2.296316011557315
suite,test_sparse79,pass,pass,480000000.0,212577856.0,2.257996242092121
suite,test_sparse8,pass,pass,216326.5,17131.7,12.627264077703906
suite,test_sparse80,pass,pass,19353000000.0,316550048.0,61.1372518256576
suite,test_sparse81,pass,pass,228260.9,14824.8,15.397233014947926
suite,test_sparse82,error,pass,0.0,11783469.5,
suite,test_sparse83,pass,pass,237209.3,15524.3,15.279870912054006
suite,test_sparse84,pass,pass,892562.0,71335.7,12.512136279590724
suite,test_sparse85,pass,pass,884297.5,69243.2,12.77089302631883
suite,test_sparse86,pass,pass,892562.0,68707.0,12.990845183169109
suite,test_sparse87,pass,pass,918181.8,75203.5,12.209296109888504
suite,test_sparse88,pass,pass,892562.0,66826.1,13.35648795904594
suite,test_sparse89,pass,pass,876033.1,67452.0,12.987503706339323
suite,test_sparse9,pass,pass,214285.7,16257.4,13.180809969613838
suite,test_sparse90,pass,pass,900826.4,67889.3,13.269048288905616
suite,test_sparse91,pass,pass,900826.4,67070.4,13.431057515685014
suite,test_sparse92,pass,pass,909090.9,67632.5,13.441627915573134
suite,test_sparse93,pass,pass,945454.5,67410.6,14.025309076020683
suite,test_sparse94,pass,pass,900826.4,68539.0,13.143267336844717
suite,test_sparse95,pass,pass,900826.4,68617.5,13.128231136371918
suite,test_sparse96,pass,pass,876033.1,68004.9,12.881911450498421
suite,test_sparse97,pass,pass,867768.6,67746.4,12.80907324964869
suite,test_sparse98,pass,pass,936363.6,68376.5,13.694231205165517
suite,test_sparse99,pass,pass,909090.9,69556.0,13.069913451032262
suite,test_sscanf1,pass,pass,87500.0,1947.4,44.93170381020848
suite,test_strcmp1,pass,pass,76704.5,1317.7,58.210897776428624
suite,test_strcmp2,pass,pass,76704.5,1316.9,58.24626015642797
suite,test_struct1,pass,pass,68501.9,3376.2,20.289645163201232
suite,test_struct2,pass,pass,61363.6,2823.8,21.73085912600042
suite,test_struct3,pass,pass,65104.2,5321.0,12.23533170456681
suite,test_struct4,pass,pass,380434.8,8264.4,46.03296065050095
suite,test_struct5,pass,pass,98901.1,2445.5,40.44207728480883
suite,test_struct6,pass,pass,89409.7,2390.7,37.39896264692349
suite,test_struct7,pass,pass,47887.3,1899.6,25.209149294588336
suite,test_struct8,pass,pass,271052.6,6257.1,43.31920538268526
suite,test_struct9,pass,pass,105919.0,3841.4,27.573020253032748
suite,test_subset1,pass,pass,103896.1,4551.0,22.829290265875635
suite,test_subset10,pass,pass,96261.7,2412.6,39.899568929785296
suite,test_subset11,pass,pass,101869.2,4802.3,21.21258563604939
suite,test_subset12,pass,pass,101898.1,4784.5,21.297544152994046
suite,test_subset13,pass,pass,94392.5,2298.2,41.07236097815682
suite,test_subset14,pass,pass,117045.5,4712.6,24.83671434027925
suite,test_subset15,pass,pass,121590.9,5378.5,22.60684205633541
suite,test_subset16,pass,pass,46948.4,3203.2,14.656718281718282
suite,test_subset17,pass,pass,24121.8,594.8,40.55447209145932
suite,test_subset18,pass,pass,33750.0,1861.9,18.12664482517858
suite,test_subset19,pass,pass,224101.5,6930.7,32.33461266538733
suite,test_subset2,pass,pass,48356.8,2015.8,23.988887786486757
suite,test_subset20,pass,pass,128750.0,7228.4,17.811687233689337
suite,test_subset21,pass,pass,43533.9,1787.4,24.355991943605236
suite,test_subset22,pass,pass,39062.5,2073.3,18.840736989340662
suite,test_subset3,pass,pass,100899.1,2788.6,36.18270816897368
suite,test_subset4,pass,pass,98901.1,2419.9,40.86991197983388
suite,test_subset5,pass,pass,153409.1,3093.4,49.59239025021012
suite,test_subset6,pass,pass,103896.1,5301.0,19.599339747217506
suite,test_subset7,pass,pass,163009.4,3790.7,43.00245337272799
suite,test_subset8,pass,pass,178387.7,4685.2,38.07472466490225
suite,test_subset9,pass,pass,98130.8,2402.2,40.85038714511698
suite,test_svd1,pass,pass,120454.5,10567.6,11.39847269010939
suite,test_svd10,pass,pass,1689000000.0,324540196.0,5.204286004683377
suite,test_svd11,pass,pass,2989000000.0,1203060857.0,2.4844960939494682
suite,test_svd12,pass,pass,7347000000.0,1449973457.0,5.066989305584233
suite,test_svd2,pass,pass,123239.4,10984.2,11.219697383514502
suite,test_svd3,pass,pass,123239.4,11183.4,11.01985085036751
suite,test_svd4,pass,pass,123863.6,11007.1,11.25306393146242
suite,test_svd5,pass,pass,738000000.0,284041052.0,2.598215979005739
suite,test_svd6,pass,pass,1818000000.0,401396501.0,4.529187462947018
suite,test_svd7,pass,pass,783000000.0,357794344.0,2.188407986684105
suite,test_svd8,pass,pass,1935000000.0,315742239.0,6.128416667115609
suite,test_svd9,pass,pass,693000000.0,359235584.0,1.9290962000022804
suite,test_switch1,pass,pass,25335.3,1009.8,25.089423648247177
suite,test_switch2,pass,pass,25058.5,952.4,26.31089878202436
suite,test_switch3,pass,pass,35563.4,912.8,38.960780017528485
suite,test_switch4,pass,pass,33930.9,1156.9,29.329155501771975
suite,test_switch5,pass,pass,29508.2,727.4,40.56667583172945
suite,test_switch6,pass,pass,33750.0,1475.7,22.8705021345802
suite,test_switch7,pass,pass,32187.5,1211.6,26.56611092769891
suite,test_switch8,pass,pass,24590.2,565.1,43.5147761458149
suite,test_test1,pass,pass,73863.6,860.0,85.88790697674419
suite,test_test2,pass,pass,75555.6,877.5,86.10324786324787
suite,test_test3,pass,pass,83593.7,1596.1,52.3737234509116
suite,test_test4,pass,pass,84112.1,1601.3,52.5273840004996
suite,test_test5,pass,pass,3433333.3,845.4,4061.1938727229713
suite,test_typeof1,pass,pass,86661.0,1506.5,57.52472618652506
suite,test_typeof2,pass,pass,84375.0,1555.0,54.260450160771704
suite,test_typeof3,pass,pass,84112.1,1566.1,53.708000766234605
suite,test_typeof4,pass,pass,87510.6,1644.0,53.230291970802924
suite,test_typeof5,pass,pass,88541.7,1630.7,54.29674372968663
suite,test_typeof6,pass,pass,82031.2,1539.0,53.30162443144899
suite,test_uint64_1,pass,pass,35866.5,587.5,61.04936170212766
suite,test_vec1,pass,pass,33437.5,1085.8,30.795266163197642
suite,test_while1,pass,pass,104895.1,4516.4,23.22537862013994
suite,test_while2,pass,pass,132500.0,7169.1,18.482096776443345
suite,test_while3,pass,pass,102897.1,3365.4,30.574998514292506
suite,test_zeros1,pass,pass,61931.8,2500.6,24.766775973766297
transforms,test_eig1,pass,pass,2131000000.0,542701316.0,3.9266534595983917
transforms,test_eig2,pass,pass,842000000.0,463511454.0,1.8165678382567003
transforms,test_eig3,pass,pass,126760.6,11742.3,10.79521047835603
transforms,test_eig4,pass,pass,3970000000.0,1094243097.0,3.6280786334263713
transforms,test_eig5,fail,pass,1506000000.0,1564772153.0,0.96244044036231
transforms,test_eig6,pass,pass,69661.5,2059.3,33.82775700480746
transforms,test_lu1,pass,pass,825757.6,268920.5,3.070638348508202
transforms,test_lu2,pass,pass,1060606.1,276668.4,3.833492007038028
transforms,test_parallel_fft1,pass,error,693000000.0,0.0,
transforms,test_qr1,pass,pass,463636.4,16836.9,27.536921879918513
transforms,test_qr10,pass,pass,587000000.0,388556357.0,1.5107203612164812
transforms,test_qr11,pass,pass,673000000.0,267249140.0,2.5182494506811137
transforms,test_qr12,pass,pass,312000000.0,159152407.0,1.960385054057021
transforms,test_qr2,pass,pass,469565.2,17647.1,26.608632579857318
transforms,test_qr3,pass,pass,495454.5,20560.1,24.097864309998492
transforms,test_qr4,pass,pass,500000.0,20105.4,24.86894068260268
transforms,test_qr5,pass,pass,535000.0,18991.0,28.171239007951133
transforms,test_qr6,pass,pass,545000.0,19500.1,27.948574622694245
transforms,test_qr7,pass,pass,573863.6,22431.6,25.582820663706556
transforms,test_qr8,pass,pass,572222.2,23650.6,24.194828038189307
transforms,test_qr9,pass,pass,550000000.0,1051796226.0,0.5229149776394044
transforms,test_sparse75,pass,pass,129000000.0,67314750.5,1.916370469203477
transforms,test_svd1,pass,pass,120879.1,11612.4,10.409484688780958
transforms,test_svd10,pass,pass,1699000000.0,359307859.0,4.728535592648977
transforms,test_svd11,pass,pass,3003000000.0,1115993537.0,2.69087579850384
transforms,test_svd12,pass,pass,7368000000.0,1413133264.0,5.2139456254424426
transforms,test_svd2,pass,pass,126760.6,10926.2,11.601526605773278
transforms,test_svd3,pass,pass,127500.0,11364.5,11.219147344801796
transforms,test_svd4,pass,pass,127500.0,11024.4,11.565255251986503
transforms,test_svd5,pass,pass,744000000.0,267662241.0,2.7796225467603404
transforms,test_svd6,pass,pass,1818000000.0,402266466.0,4.519392377091656
transforms,test_svd7,pass,pass,784000000.0,282140112.0,2.7787612135065713
transforms,test_svd8,pass,pass,1921000000.0,343461383.0,5.593059642457679
transforms,test_svd9,pass,pass,689000000.0,313512286.0,2.1976810184721116
typecast,test_bin2int1,pass,pass,93457.9,4704.6,19.865217021638394
typecast,test_dcomplex1,pass,pass,37997.2,1010.6,37.59865426479319
typecast,test_int2bin1,pass,pass,99065.4,4148.2,23.88153898076274
typecast,test_sparse58,pass,pass,591000000.0,434310805.0,1.360776644734869
typecast,test_uint64_1,pass,pass,36267.6,598.2,60.62788365095285
variables,test_global1,pass,pass,198515.8,11457.2,17.326729043745416
variables,test_matcat1,pass,pass,98130.8,4155.1,23.616952660585785
variables,test_matcat2,pass,pass,172413.8,8995.1,19.167524541139063
variables,test_matcat3,pass,pass,175862.1,10986.4,16.007254423651062
variables,test_matcat4,pass,pass,97196.3,2779.0,34.975278877293995
variables,test_matcat5,pass,pass,95327.1,2773.1,34.37564458548196
variables,test_matcat6,pass,pass,96261.7,2819.1,34.14625235004079
variables,test_matcat7,pass,pass,49838.5,2445.9,20.376344086021504
variables,test_matcat8,pass,pass,53651.3,788.2,68.06812991626491
variables,test_persistent1,pass,pass,217391.3,14722.0,14.76642439885885
variables,test_persistent2,pass,pass,30054.6,1059.6,28.364099660249153
variables,test_struct1,pass,pass,69010.4,3329.7,20.72571102501727
variables,test_struct2,pass,pass,62500.0,2816.0,22.194602272727273
variables,test_struct3,pass,pass,66225.2,5436.2,12.18225966667893
variables,test_struct4,pass,pass,384058.0,8306.9,46.23361302050103
variables,test_struct5,pass,pass,99065.4,2450.5,40.426606814935724
variables,test_struct6,pass,pass,89409.7,2404.6,37.18277468185977
variables,test_struct7,pass,pass,49377.0,1888.7,26.14337904378673
variables,test_struct8,pass,pass,270202.0,6124.1,44.12109534462206
variables,test_struct9,pass,pass,104880.6,3853.5,27.216971584274038
variables,test_subset1,pass,pass,102897.1,4459.3,23.07472024757249
variables,test_subset10,pass,pass,95238.1,2407.2,39.56385011631772
variables,test_subset11,pass,pass,100934.6,4788.3,21.079422759643297
variables,test_subset12,pass,pass,101869.2,4728.4,21.54411640301159
variables,test_subset13,pass,pass,95327.1,2278.1,41.845002414292615
variables,test_subset14,pass,pass,116483.5,4686.9,24.852994516631465
variables,test_subset15,pass,pass,118681.3,5273.1,22.50693140657298
variables,test_subset16,pass,pass,46948.4,3148.3,14.91230187720357
variables,test_subset17,pass,pass,24121.8,631.3,38.20972596230002
variables,test_subset18,pass,pass,33437.5,1852.0,18.054805615550755
variables,test_subset19,pass,pass,228260.9,6910.6,33.03054727520041
variables,test_subset2,pass,pass,48356.8,2032.4,23.79295414288526
variables,test_subset20,pass,pass,126250.0,7272.0,17.36111111111111
variables,test_subset21,pass,pass,43533.9,1812.6,24.01737835153923
variables,test_subset22,pass,pass,39417.6,2070.9,19.034043169636387
variables,test_subset3,pass,pass,99816.8,2804.6,35.59038722099408
variables,test_subset4,pass,pass,98130.8,2460.3,39.885704995325774
variables,test_subset5,pass,pass,149147.7,3138.9,47.51591321800631
variables,test_subset6,pass,pass,101898.1,5239.4,19.448429209451465
variables,test_subset7,pass,pass,159874.6,3778.3,42.313897784717994
variables,test_subset8,pass,pass,174137.9,4703.7,37.021472457852326
variables,test_subset9,pass,pass,95327.1,2434.8,39.15192212912765
variables,test_vec1,pass,pass,33125.0,1089.2,30.41222915901579
