dir,name,outcome,reps,ns_per_iter
array,test_assign1,pass,1177,87510.6
array,test_assign10,pass,2563,40577.4
array,test_assign11,pass,2560,40234.4
array,test_assign12,pass,910,113186.8
array,test_assign13,pass,3843,27062.2
array,test_assign14,pass,580,187931.0
array,test_assign15,pass,2343,46521.6
array,test_assign16,pass,220,481818.2
array,test_assign17,pass,3660,29235.0
array,test_assign18,pass,4160,25721.2
array,test_assign19,pass,3124,34891.2
array,test_assign2,pass,2343,43960.7
array,test_assign20,pass,710,147887.3
array,test_assign21,pass,880,118181.8
array,test_assign22,pass,2816,38352.3
array,test_assign3,pass,2330,43776.8
array,test_assign4,pass,1177,90059.5
array,test_assign5,pass,1284,80218.1
array,test_assign6,pass,2330,45064.4
array,test_assign7,pass,4026,25335.3
array,test_assign8,pass,4270,25292.7
array,test_assign9,pass,2816,38352.3
array,test_cell1,pass,2330,45493.6
array,test_det1,pass,230,452173.9
array,test_diag1,pass,1001,102897.1
array,test_diag2,pass,1001,103896.1
array,test_diag3,pass,1177,90059.5
array,test_diag4,pass,1070,99065.4
array,test_diag5,pass,3124,34891.2
array,test_isfloat1,pass,473,232558.1
array,test_isinteger1,pass,384,276041.7
array,test_num2str1,pass,1280,83593.7
array,test_ones1,pass,3124,34251.0
array,test_permute1,pass,430,234883.7
array,test_permute2,pass,200,550000.0
array,test_repmat1,pass,1280,85156.2
array,test_repmat2,pass,1280,85937.5
array,test_repmat3,pass,1152,92013.9
array,test_reshape1,pass,1970,52791.9
array,test_reshape2,pass,1710,60233.9
array,test_resize1,pass,320,331250.0
array,test_resize2,pass,270,392592.6
array,test_resize3,pass,400,252500.0
array,test_resize4,pass,44,2295454.5
array,test_resize5,pass,50,2080000.0
array,test_resize6,pass,380,265789.5
array,test_resize7,pass,21,4857142.9
array,test_resize8,pass,1284,84891.0
array,test_sort,pass,4270,23887.6
array,test_sparse116,pass,640,168750.0
array,test_sparse20,pass,640,160937.5
array,test_sparse21,pass,530,198113.2
array,test_sparse56,pass,9,11222222.2
array,test_sparse63,pass,1,140000000.0
array,test_sparse64,pass,1,234000000.0
array,test_sparse65,pass,1,169000000.0
array,test_sparse66,pass,1,223000000.0
array,test_sparse67,pass,1,133000000.0
array,test_sparse68,pass,1,195000000.0
array,test_sparse69,pass,44,2431818.2
array,test_sparse70,pass,1,218000000.0
array,test_sparse71,pass,1,168000000.0
array,test_sparse72,pass,1,188000000.0
array,test_sparse73,pass,1,219000000.0
array,test_sparse74,pass,1,130000000.0
array,test_sparse81,pass,473,226215.6
array,test_sparse83,pass,430,234883.7
array,test_zeros1,pass,1710,60233.9
binary,test_bitand1,pass,1408,75284.1
binary,test_bitor1,pass,1408,76704.5
binary,test_bitxor1,pass,1408,75284.1
constants,test_eps1,pass,1070,99065.4
elementary,test_getfield1,pass,704,153409.1
elementary,test_getfield2,pass,400,260000.0
elementary,test_test1,pass,1536,69661.5
elementary,test_test2,pass,1536,69661.5
elementary,test_test3,pass,1280,78906.2
elementary,test_test4,pass,1280,78906.2
elementary,test_test5,pass,52,2038461.5
flow,test_continue1,pass,5120,20898.4
flow,test_error1,pass,2563,42918.5
flow,test_for1,pass,1070,96261.7
flow,test_for2,pass,880,123863.6
flow,test_for3,pass,1092,97985.3
flow,test_for4,pass,1001,106893.1
flow,test_if1,pass,4697,22993.4
flow,test_if2,pass,4697,22780.5
flow,test_if3,pass,4392,24134.8
flow,test_if4,pass,3840,28385.4
flow,test_lasterr1,pass,2343,45667.9
flow,test_switch1,pass,4270,25058.5
flow,test_switch2,pass,4270,25058.5
flow,test_switch3,pass,3124,35211.3
flow,test_switch4,pass,3124,33930.9
flow,test_switch5,pass,3660,28415.3
flow,test_switch6,pass,3200,31875.0
flow,test_switch7,pass,3520,30681.8
flow,test_switch8,pass,4270,23887.6
flow,test_while1,pass,1070,103738.3
flow,test_while2,pass,800,131250.0
flow,test_while3,pass,1070,100000.0
freemat,test_assignin1,pass,2840,35915.5
freemat,test_assignin2,pass,2167,49377.0
freemat,test_builtin1,pass,3660,28961.7
freemat,test_eval1,pass,1760,61931.8
freemat,test_eval2,pass,460,228260.9
freemat,test_eval3,pass,50,2040000.0
freemat,test_evalin1,pass,1001,100899.1
freemat,test_evalin2,pass,800,133750.0
freemat,test_feval1,pass,3840,28385.4
freemat,test_jit,pass,1001,102897.1
freemat,test_source,pass,400,252500.0
functions,test_call1,pass,530,190566.0
functions,test_call2,pass,530,192452.8
functions,test_call3,pass,1408,77414.8
functions,test_call4,pass,1280,82031.2
functions,test_fcall1,pass,1070,95327.1
functions,test_fcall2,pass,1280,82812.5
functions,test_fptr1,error,0,0.0
functions,test_nargin1,pass,1881,57416.3
functions,test_nargin2,pass,1881,57947.9
handle,test_contour1,error,0,0.0
handle,test_image1,error,0,0.0
handle,test_plot1,error,0,0.0
inspection,test_clear1,pass,50,2080000.0
inspection,test_clear2,pass,50,2040000.0
inspection,test_empty,pass,880,123863.6
inspection,test_exist1,pass,2563,40577.4
inspection,test_exist2,pass,3660,28142.1
inspection,test_fieldnames1,pass,2167,49377.0
inspection,test_iscellstr1,pass,473,217759.0
inspection,test_iscellstr2,pass,460,219565.2
inspection,test_isfield1,pass,143,748251.7
inspection,test_isset1,pass,1881,57947.9
inspection,test_size1,pass,583,183533.4
inspection,test_size2,pass,539,192949.9
inspection,test_size3,pass,1183,88757.4
inspection,test_size4,pass,2563,40577.4
inspection,test_typeof1,pass,1280,81250.0
inspection,test_typeof2,pass,1280,82031.2
inspection,test_typeof3,pass,1280,81250.0
inspection,test_typeof4,pass,1177,85811.4
inspection,test_typeof5,pass,1280,84375.0
inspection,test_typeof6,pass,1280,80468.7
io,test_dlmread1,pass,583,188679.2
io,test_file1,error,0,0.0
io,test_imwrite_imread,error,0,0.0
io,test_load1,pass,720,148611.1
io,test_save1,pass,539,198515.8
io,test_sscanf1,pass,1152,88541.7
operators,test_power1,pass,638,167711.6
operators,test_range1,pass,1284,85669.8
operators,test_range2,pass,1152,89409.7
operators,test_range3,pass,1280,86718.7
operators,test_range4,pass,1280,84375.0
operators,test_range5,pass,1152,88541.7
operators,test_range6,pass,1177,92608.3
operators,test_range7,pass,1177,88360.2
operators,test_range8,pass,1177,90909.1
operators,test_range9,pass,4026,26080.5
operators,test_sparse100,pass,121,867768.6
operators,test_sparse101,pass,120,866666.7
operators,test_sparse102,pass,63,1634920.6
operators,test_sparse103,pass,70,1557142.9
operators,test_sparse104,pass,66,1575757.6
operators,test_sparse105,pass,63,1619047.6
operators,test_sparse106,pass,63,1634920.6
operators,test_sparse107,pass,66,1575757.6
operators,test_sparse108,pass,63,1634920.6
operators,test_sparse109,pass,60,1700000.0
operators,test_sparse110,pass,66,1666666.7
operators,test_sparse111,pass,63,1650793.7
operators,test_sparse112,pass,63,1619047.6
operators,test_sparse113,pass,60,1716666.7
operators,test_sparse114,pass,132,765151.5
operators,test_sparse115,pass,143,762237.8
operators,test_sparse117,pass,1,874000000.0
operators,test_sparse37,pass,490,208163.3
operators,test_sparse38,pass,320,315625.0
operators,test_sparse39,pass,490,206122.4
operators,test_sparse40,pass,320,318750.0
operators,test_sparse41,pass,539,204081.6
operators,test_sparse42,pass,320,315625.0
operators,test_sparse43,pass,638,169279.0
operators,test_sparse44,pass,473,230444.0
operators,test_sparse50,pass,1,145000000.0
operators,test_sparse51,pass,1,634000000.0
operators,test_sparse52,pass,1,162000000.0
operators,test_sparse53,pass,1,574000000.0
operators,test_sparse54,pass,1,102000000.0
operators,test_sparse55,pass,1,2711000000.0
operators,test_sparse59,pass,1,13302000000.0
operators,test_sparse60,pass,1,9434000000.0
operators,test_sparse61,pass,1,14593000000.0
operators,test_sparse76,pass,1,224000000.0
operators,test_sparse77,pass,1,211000000.0
operators,test_sparse78,pass,1,493000000.0
operators,test_sparse79,pass,1,473000000.0
operators,test_sparse80,pass,1,19031000000.0
operators,test_sparse82,error,0,0.0
operators,test_sparse84,pass,121,900826.4
operators,test_sparse85,pass,110,918181.8
operators,test_sparse86,pass,121,900826.4
operators,test_sparse87,pass,110,918181.8
operators,test_sparse88,pass,110,918181.8
operators,test_sparse89,pass,121,884297.5
operators,test_sparse90,pass,121,900826.4
operators,test_sparse91,pass,121,909090.9
operators,test_sparse92,pass,110,927272.7
operators,test_sparse93,pass,110,945454.5
operators,test_sparse94,pass,112,901785.7
operators,test_sparse95,pass,121,892562.0
operators,test_sparse96,pass,121,876033.1
operators,test_sparse97,pass,120,866666.7
operators,test_sparse98,pass,110,936363.6
operators,test_sparse99,pass,121,892562.0
random,test_seed1,pass,1881,54758.1
signal,test_conv2_1,pass,640,165625.0
sparse,test_sparse1,pass,121,892562.0
sparse,test_sparse10,pass,539,204081.6
sparse,test_sparse11,pass,539,200371.1
sparse,test_sparse12,pass,530,196226.4
sparse,test_sparse13,pass,418,263157.9
sparse,test_sparse14,pass,418,263157.9
sparse,test_sparse15,pass,710,147887.3
sparse,test_sparse16,pass,710,150704.2
sparse,test_sparse17,pass,704,151988.6
sparse,test_sparse18,pass,580,184482.8
sparse,test_sparse19,pass,583,183533.4
sparse,test_sparse2,pass,506,213438.7
sparse,test_sparse22,pass,1,193000000.0
sparse,test_sparse23,pass,1,197000000.0
sparse,test_sparse24,pass,418,253588.5
sparse,test_sparse25,pass,1,247000000.0
sparse,test_sparse26,pass,1,239000000.0
sparse,test_sparse27,pass,638,163009.4
sparse,test_sparse28,pass,580,182758.6
sparse,test_sparse29,pass,539,189239.3
sparse,test_sparse3,pass,460,223913.0
sparse,test_sparse30,pass,460,221739.1
sparse,test_sparse31,pass,583,188679.2
sparse,test_sparse32,pass,530,200000.0
sparse,test_sparse33,pass,418,258373.2
sparse,test_sparse34,pass,580,177586.2
sparse,test_sparse35,pass,198,550505.1
sparse,test_sparse36,pass,473,232558.1
sparse,test_sparse4,pass,473,219873.2
sparse,test_sparse45,error,0,0.0
sparse,test_sparse5,pass,384,276041.7
sparse,test_sparse57,pass,1,201000000.0
sparse,test_sparse6,pass,384,276041.7
sparse,test_sparse62,pass,1,2214000000.0
sparse,test_sparse7,pass,638,169279.0
sparse,test_sparse8,pass,506,209486.2
sparse,test_sparse9,pass,490,212244.9
string,test_deblank_1,pass,3520,30397.7
string,test_strcmp1,pass,1408,75994.3
string,test_strcmp2,pass,1408,75994.3
suite,test_assign1,pass,1177,88360.2
suite,test_assign10,pass,2563,41357.8
suite,test_assign11,pass,2563,39797.1
suite,test_assign12,pass,960,112500.0
suite,test_assign13,pass,4026,27570.8
suite,test_assign14,pass,583,186964.0
suite,test_assign15,pass,2343,46948.4
suite,test_assign16,pass,230,473913.0
suite,test_assign17,pass,3660,28415.3
suite,test_assign18,pass,3843,26281.6
suite,test_assign19,pass,2840,35563.4
suite,test_assign2,pass,2343,44814.3
suite,test_assign20,pass,710,149295.8
suite,test_assign21,pass,880,122727.3
suite,test_assign22,pass,2816,39062.5
suite,test_assign3,pass,2343,44387.5
suite,test_assign4,pass,1177,91758.7
suite,test_assign5,pass,1280,82812.5
suite,test_assign6,pass,2330,44206.0
suite,test_assign7,pass,4270,25995.3
suite,test_assign8,pass,4270,25761.1
suite,test_assign9,pass,2816,38707.4
suite,test_assignin1,pass,2816,36931.8
suite,test_assignin2,pass,2167,51222.9
suite,test_bin2int1,pass,1177,92608.3
suite,test_bitand1,pass,1408,78125.0
suite,test_bitor1,pass,1280,78906.2
suite,test_bitxor1,pass,1408,78125.0
suite,test_builtin1,pass,3520,29829.5
suite,test_call1,pass,539,196660.5
suite,test_call2,pass,539,196660.5
suite,test_call3,pass,1280,78906.2
suite,test_call4,pass,1280,84375.0
suite,test_cell1,pass,2330,46351.9
suite,test_clear1,pass,33,3333333.3
suite,test_clear2,pass,30,3366666.7
suite,test_continue1,pass,5120,20898.4
suite,test_contour1,error,0,0.0
suite,test_conv2_1,pass,638,170846.4
suite,test_ctype1,pass,963,109034.3
suite,test_dcomplex1,pass,2816,38707.4
suite,test_deblank_1,pass,3520,30681.8
suite,test_det1,pass,230,460869.6
suite,test_diag1,pass,1001,106893.1
suite,test_diag2,pass,1001,108891.1
suite,test_diag3,pass,1152,92881.9
suite,test_diag4,pass,1001,100899.1
suite,test_diag5,pass,2840,35915.5
suite,test_dlmread1,pass,530,190566.0
suite,test_eig1,pass,1,2139000000.0
suite,test_eig2,pass,1,841000000.0
suite,test_eig3,pass,800,127500.0
suite,test_eig4,pass,1,3963000000.0
suite,test_eig5,pass,1,1509000000.0
suite,test_eig6,pass,1562,70422.5
suite,test_empty,pass,880,122727.3
suite,test_eps1,pass,1070,100000.0
suite,test_error1,pass,2563,42918.5
suite,test_eval1,pass,1710,60818.7
suite,test_eval2,pass,460,230434.8
suite,test_eval3,pass,30,3366666.7
suite,test_evalin1,pass,1001,102897.1
suite,test_evalin2,pass,781,134443.0
suite,test_exist1,pass,2560,41796.9
suite,test_exist2,pass,3660,28688.5
suite,test_fcall1,pass,1070,99065.4
suite,test_fcall2,pass,1280,85156.2
suite,test_feval1,pass,3660,29508.2
suite,test_fieldnames1,pass,2167,50300.0
suite,test_file1,error,0,0.0
suite,test_fitfun1,pass,30,3433333.3
suite,test_fitfun2,pass,2,63000000.0
suite,test_fitfun3,pass,568,177816.9
suite,test_for1,pass,1092,98901.1
suite,test_for2,pass,800,127500.0
suite,test_for3,pass,1001,101898.1
suite,test_for4,pass,1001,109890.1
suite,test_gausfit1,pass,18,6166666.7
suite,test_getfield1,pass,640,162500.0
suite,test_getfield2,pass,396,272727.3
suite,test_global1,pass,539,204081.6
suite,test_if1,pass,4608,23654.5
suite,test_if2,pass,4697,23419.2
suite,test_if3,pass,4270,26229.5
suite,test_if4,pass,3660,30054.6
suite,test_image1,error,0,0.0
suite,test_imwrite_imread,error,0,0.0
suite,test_int2bin1,pass,1070,102803.7
suite,test_iscellstr1,pass,460,230434.8
suite,test_iscellstr2,pass,460,228260.9
suite,test_isfield1,pass,132,772727.3
suite,test_isfloat1,pass,440,238636.4
suite,test_isinteger1,pass,384,283854.2
suite,test_isset1,pass,1881,57947.9
suite,test_jit,pass,1001,109890.1
suite,test_lasterr1,pass,2330,46781.1
suite,test_load1,pass,720,140277.8
suite,test_lu1,pass,120,841666.7
suite,test_lu2,pass,99,1070707.1
suite,test_matcat1,pass,1070,98130.8
suite,test_matcat2,pass,580,175862.1
suite,test_matcat3,pass,580,179310.3
suite,test_matcat4,pass,1070,98130.8
suite,test_matcat5,pass,1070,97196.3
suite,test_matcat6,pass,1070,98130.8
suite,test_matcat7,pass,2167,50761.4
suite,test_matcat8,pass,2013,54148.0
suite,test_nargin1,pass,1881,57947.9
suite,test_nargin2,pass,1710,59064.3
suite,test_num2str1,pass,1177,86661.0
suite,test_ones1,pass,2840,35563.4
suite,test_parallel_fft1,pass,1,662000000.0
suite,test_permute1,pass,430,239534.9
suite,test_permute2,pass,180,561111.1
suite,test_persistent1,pass,506,215415.0
suite,test_persistent2,pass,3520,30113.6
suite,test_plot1,error,0,0.0
suite,test_power1,pass,640,167187.5
suite,test_qr1,pass,230,469565.2
suite,test_qr10,pass,1,590000000.0
suite,test_qr11,pass,1,647000000.0
suite,test_qr12,pass,1,318000000.0
suite,test_qr2,pass,230,473913.0
suite,test_qr3,pass,216,504629.6
suite,test_qr4,pass,220,500000.0
suite,test_qr5,pass,200,530000.0
suite,test_qr6,pass,198,535353.5
suite,test_qr7,pass,180,572222.2
suite,test_qr8,pass,192,567708.3
suite,test_qr9,pass,1,548000000.0
suite,test_range1,pass,1280,85937.5
suite,test_range2,pass,1177,93457.9
suite,test_range3,pass,1280,85156.2
suite,test_range4,pass,1280,85156.2
suite,test_range5,pass,1177,87510.6
suite,test_range6,pass,1177,90909.1
suite,test_range7,pass,1152,90277.8
suite,test_range8,pass,1177,91758.7
suite,test_range9,pass,4026,26080.5
suite,test_repmat1,pass,1152,88541.7
suite,test_repmat2,pass,1177,88360.2
suite,test_repmat3,pass,1070,94392.5
suite,test_reshape1,pass,2013,53651.3
suite,test_reshape2,pass,1760,61363.6
suite,test_ret,pass,5124,20687.0
suite,test_save1,pass,539,200371.1
suite,test_seed1,pass,2013,54644.8
suite,test_size1,pass,583,188679.2
suite,test_size2,pass,539,198515.8
suite,test_size3,pass,1177,91758.7
suite,test_size4,pass,2563,41748.0
suite,test_sort,pass,4392,24817.9
suite,test_source,pass,384,260416.7
suite,test_sparse1,pass,110,945454.5
suite,test_sparse10,pass,490,212244.9
suite,test_sparse100,pass,110,936363.6
suite,test_sparse101,pass,121,900826.4
suite,test_sparse102,pass,60,1733333.3
suite,test_sparse103,pass,60,1700000.0
suite,test_sparse104,pass,66,1666666.7
suite,test_sparse105,pass,60,1733333.3
suite,test_sparse106,pass,66,1575757.6
suite,test_sparse107,pass,70,1585714.3
suite,test_sparse108,pass,63,1650793.7
suite,test_sparse109,pass,66,1636363.6
suite,test_sparse11,pass,539,198515.8
suite,test_sparse110,pass,60,1683333.3
suite,test_sparse111,pass,63,1650793.7
suite,test_sparse112,pass,63,1634920.6
suite,test_sparse113,pass,60,1766666.7
suite,test_sparse114,pass,132,803030.3
suite,test_sparse115,pass,132,795454.5
suite,test_sparse116,pass,580,177586.2
suite,test_sparse117,pass,1,927000000.0
suite,test_sparse12,pass,539,200371.1
suite,test_sparse13,pass,380,271052.6
suite,test_sparse14,pass,380,271052.6
suite,test_sparse15,pass,710,150704.2
suite,test_sparse16,pass,704,156250.0
suite,test_sparse17,pass,704,154829.5
suite,test_sparse18,pass,580,186206.9
suite,test_sparse19,pass,583,186964.0
suite,test_sparse2,pass,506,215415.0
suite,test_sparse20,pass,638,163009.4
suite,test_sparse21,pass,539,204081.6
suite,test_sparse22,pass,1,189000000.0
suite,test_sparse23,pass,1,192000000.0
suite,test_sparse24,pass,418,255980.9
suite,test_sparse25,pass,1,238000000.0
suite,test_sparse26,pass,1,239000000.0
suite,test_sparse27,pass,638,166144.2
suite,test_sparse28,pass,583,183533.4
suite,test_sparse29,pass,530,196226.4
suite,test_sparse3,pass,473,228329.8
suite,test_sparse30,pass,473,221987.3
suite,test_sparse31,pass,530,192452.8
suite,test_sparse32,pass,539,202226.3
suite,test_sparse33,pass,400,262500.0
suite,test_sparse34,pass,580,179310.3
suite,test_sparse35,pass,180,561111.1
suite,test_sparse36,pass,473,232558.1
suite,test_sparse37,pass,506,211462.5
suite,test_sparse38,pass,320,318750.0
suite,test_sparse39,pass,506,209486.2
suite,test_sparse4,pass,460,221739.1
suite,test_sparse40,pass,320,321875.0
suite,test_sparse41,pass,490,208163.3
suite,test_sparse42,pass,324,317901.2
suite,test_sparse43,pass,638,172413.8
suite,test_sparse44,pass,473,232558.1
suite,test_sparse45,error,0,0.0
suite,test_sparse5,pass,360,280555.6
suite,test_sparse50,pass,1,146000000.0
suite,test_sparse51,pass,1,609000000.0
suite,test_sparse52,pass,1,149000000.0
suite,test_sparse53,pass,1,560000000.0
suite,test_sparse54,pass,1,102000000.0
suite,test_sparse55,pass,1,2700000000.0
suite,test_sparse56,pass,9,11333333.3
suite,test_sparse57,pass,1,202000000.0
suite,test_sparse58,pass,1,580000000.0
suite,test_sparse59,pass,1,13285000000.0
suite,test_sparse6,pass,396,277777.8
suite,test_sparse60,pass,1,9486000000.0
suite,test_sparse61,pass,1,14369000000.0
suite,test_sparse62,pass,1,2250000000.0
suite,test_sparse63,pass,1,139000000.0
suite,test_sparse64,pass,1,233000000.0
suite,test_sparse65,pass,1,165000000.0
suite,test_sparse66,pass,1,221000000.0
suite,test_sparse67,pass,1,130000000.0
suite,test_sparse68,pass,1,193000000.0
suite,test_sparse69,pass,44,2431818.2
suite,test_sparse7,pass,638,169279.0
suite,test_sparse70,pass,1,222000000.0
suite,test_sparse71,pass,1,172000000.0
suite,test_sparse72,pass,1,192000000.0
suite,test_sparse73,pass,1,224000000.0
suite,test_sparse74,pass,1,133000000.0
suite,test_sparse75,pass,1,131000000.0
suite,test_sparse76,pass,1,222000000.0
suite,test_sparse77,pass,1,210000000.0
suite,test_sparse78,pass,1,477000000.0
suite,test_sparse79,pass,1,480000000.0
suite,test_sparse8,pass,490,216326.5
suite,test_sparse80,pass,1,19353000000.0
suite,test_sparse81,pass,460,228260.9
suite,test_sparse82,error,0,0.0
suite,test_sparse83,pass,430,237209.3
suite,test_sparse84,pass,121,892562.0
suite,test_sparse85,pass,121,884297.5
suite,test_sparse86,pass,121,892562.0
suite,test_sparse87,pass,110,918181.8
suite,test_sparse88,pass,121,892562.0
suite,test_sparse89,pass,121,876033.1
suite,test_sparse9,pass,490,214285.7
suite,test_sparse90,pass,121,900826.4
suite,test_sparse91,pass,121,900826.4
suite,test_sparse92,pass,121,909090.9
suite,test_sparse93,pass,110,945454.5
suite,test_sparse94,pass,121,900826.4
suite,test_sparse95,pass,121,900826.4
suite,test_sparse96,pass,121,876033.1
suite,test_sparse97,pass,121,867768.6
suite,test_sparse98,pass,110,936363.6
suite,test_sparse99,pass,121,909090.9
suite,test_sscanf1,pass,1280,87500.0
suite,test_strcmp1,pass,1408,76704.5
suite,test_strcmp2,pass,1408,76704.5
suite,test_struct1,pass,1562,68501.9
suite,test_struct2,pass,1760,61363.6
suite,test_struct3,pass,1536,65104.2
suite,test_struct4,pass,276,380434.8
suite,test_struct5,pass,1092,98901.1
suite,test_struct6,pass,1152,89409.7
suite,test_struct7,pass,2130,47887.3
suite,test_struct8,pass,380,271052.6
suite,test_struct9,pass,963,105919.0
suite,test_subset1,pass,1001,103896.1
suite,test_subset10,pass,1070,96261.7
suite,test_subset11,pass,1070,101869.2
suite,test_subset12,pass,1001,101898.1
suite,test_subset13,pass,1070,94392.5
suite,test_subset14,pass,880,117045.5
suite,test_subset15,pass,880,121590.9
suite,test_subset16,pass,2343,46948.4
suite,test_subset17,pass,4270,24121.8
suite,test_subset18,pass,3200,33750.0
suite,test_subset19,pass,473,224101.5
suite,test_subset2,pass,2130,48356.8
suite,test_subset20,pass,800,128750.0
suite,test_subset21,pass,2343,43533.9
suite,test_subset22,pass,2816,39062.5
suite,test_subset3,pass,1001,100899.1
suite,test_subset4,pass,1092,98901.1
suite,test_subset5,pass,704,153409.1
suite,test_subset6,pass,1001,103896.1
suite,test_subset7,pass,638,163009.4
suite,test_subset8,pass,583,178387.7
suite,test_subset9,pass,1070,98130.8
suite,test_svd1,pass,880,120454.5
suite,test_svd10,pass,1,1689000000.0
suite,test_svd11,pass,1,2989000000.0
suite,test_svd12,pass,1,7347000000.0
suite,test_svd2,pass,852,123239.4
suite,test_svd3,pass,852,123239.4
suite,test_svd4,pass,880,123863.6
suite,test_svd5,pass,1,738000000.0
suite,test_svd6,pass,1,1818000000.0
suite,test_svd7,pass,1,783000000.0
suite,test_svd8,pass,1,1935000000.0
suite,test_svd9,pass,1,693000000.0
suite,test_switch1,pass,4026,25335.3
suite,test_switch2,pass,4270,25058.5
suite,test_switch3,pass,2840,35563.4
suite,test_switch4,pass,3124,33930.9
suite,test_switch5,pass,3660,29508.2
suite,test_switch6,pass,3200,33750.0
suite,test_switch7,pass,3200,32187.5
suite,test_switch8,pass,4392,24590.2
suite,test_test1,pass,1408,73863.6
suite,test_test2,pass,1350,75555.6
suite,test_test3,pass,1280,83593.7
suite,test_test4,pass,1284,84112.1
suite,test_test5,pass,30,3433333.3
suite,test_typeof1,pass,1177,86661.0
suite,test_typeof2,pass,1280,84375.0
suite,test_typeof3,pass,1284,84112.1
suite,test_typeof4,pass,1177,87510.6
suite,test_typeof5,pass,1152,88541.7
suite,test_typeof6,pass,1280,82031.2
suite,test_uint64_1,pass,2816,35866.5
suite,test_vec1,pass,3200,33437.5
suite,test_while1,pass,1001,104895.1
suite,test_while2,pass,800,132500.0
suite,test_while3,pass,1001,102897.1
suite,test_zeros1,pass,1760,61931.8
transforms,test_eig1,pass,1,2131000000.0
transforms,test_eig2,pass,1,842000000.0
transforms,test_eig3,pass,852,126760.6
transforms,test_eig4,pass,1,3970000000.0
transforms,test_eig5,fail,1,1506000000.0
transforms,test_eig6,pass,1536,69661.5
transforms,test_lu1,pass,132,825757.6
transforms,test_lu2,pass,99,1060606.1
transforms,test_parallel_fft1,pass,1,693000000.0
transforms,test_qr1,pass,220,463636.4
transforms,test_qr10,pass,1,587000000.0
transforms,test_qr11,pass,1,673000000.0
transforms,test_qr12,pass,1,312000000.0
transforms,test_qr2,pass,230,469565.2
transforms,test_qr3,pass,220,495454.5
transforms,test_qr4,pass,220,500000.0
transforms,test_qr5,pass,200,535000.0
transforms,test_qr6,pass,200,545000.0
transforms,test_qr7,pass,176,573863.6
transforms,test_qr8,pass,180,572222.2
transforms,test_qr9,pass,1,550000000.0
transforms,test_sparse75,pass,1,129000000.0
transforms,test_svd1,pass,910,120879.1
transforms,test_svd10,pass,1,1699000000.0
transforms,test_svd11,pass,1,3003000000.0
transforms,test_svd12,pass,1,7368000000.0
transforms,test_svd2,pass,852,126760.6
transforms,test_svd3,pass,800,127500.0
transforms,test_svd4,pass,800,127500.0
transforms,test_svd5,pass,1,744000000.0
transforms,test_svd6,pass,1,1818000000.0
transforms,test_svd7,pass,1,784000000.0
transforms,test_svd8,pass,1,1921000000.0
transforms,test_svd9,pass,1,689000000.0
typecast,test_bin2int1,pass,1177,93457.9
typecast,test_dcomplex1,pass,2816,37997.2
typecast,test_int2bin1,pass,1070,99065.4
typecast,test_sparse58,pass,1,591000000.0
typecast,test_uint64_1,pass,2840,36267.6
variables,test_global1,pass,539,198515.8
variables,test_matcat1,pass,1070,98130.8
variables,test_matcat2,pass,638,172413.8
variables,test_matcat3,pass,580,175862.1
variables,test_matcat4,pass,1070,97196.3
variables,test_matcat5,pass,1070,95327.1
variables,test_matcat6,pass,1070,96261.7
variables,test_matcat7,pass,2167,49838.5
variables,test_matcat8,pass,2013,53651.3
variables,test_persistent1,pass,506,217391.3
variables,test_persistent2,pass,3660,30054.6
variables,test_struct1,pass,1536,69010.4
variables,test_struct2,pass,1760,62500.0
variables,test_struct3,pass,1661,66225.2
variables,test_struct4,pass,276,384058.0
variables,test_struct5,pass,1070,99065.4
variables,test_struct6,pass,1152,89409.7
variables,test_struct7,pass,2167,49377.0
variables,test_struct8,pass,396,270202.0
variables,test_struct9,pass,963,104880.6
variables,test_subset1,pass,1001,102897.1
variables,test_subset10,pass,1092,95238.1
variables,test_subset11,pass,1070,100934.6
variables,test_subset12,pass,1070,101869.2
variables,test_subset13,pass,1070,95327.1
variables,test_subset14,pass,910,116483.5
variables,test_subset15,pass,910,118681.3
variables,test_subset16,pass,2343,46948.4
variables,test_subset17,pass,4270,24121.8
variables,test_subset18,pass,3200,33437.5
variables,test_subset19,pass,460,228260.9
variables,test_subset2,pass,2130,48356.8
variables,test_subset20,pass,800,126250.0
variables,test_subset21,pass,2343,43533.9
variables,test_subset22,pass,2816,39417.6
variables,test_subset3,pass,1092,99816.8
variables,test_subset4,pass,1070,98130.8
variables,test_subset5,pass,704,149147.7
variables,test_subset6,pass,1001,101898.1
variables,test_subset7,pass,638,159874.6
variables,test_subset8,pass,580,174137.9
variables,test_subset9,pass,1070,95327.1
variables,test_vec1,pass,3200,33125.0
